Date,BTC-S&P500,ETH-S&P500
2019-06-17,0.02400785070658065,0.07306059979841839
2019-06-18,0.022007076967818735,0.06936738655780886
2019-06-19,0.021764340773200393,0.06925197157549959
2019-06-20,0.01867626663008814,0.06906694316418141
2019-06-21,0.019343904570803414,0.06790881959749019
2019-06-24,0.018494726753449233,0.06715579730013146
2019-06-25,0.014501194719853935,0.06571880701985179
2019-06-26,0.017955232329032983,0.0678458912120687
2019-06-27,0.013038205631276542,0.06266041834357292
2019-06-28,0.012837683034514413,0.06186502181877206
2019-07-01,0.007585617645233423,0.06148809886088667
2019-07-02,0.00817381146791744,0.0616232942426005
2019-07-03,0.012530725728839846,0.06285488933936867
2019-07-05,0.016254377189688172,0.06448688378089783
2019-07-08,0.012731231739415302,0.06240308640568925
2019-07-09,0.013068184415689214,0.06272088775783788
2019-07-10,0.012208415543721433,0.0614636816694715
2019-07-11,0.011992017617274543,0.060726289526313725
2019-07-12,0.013400761944165847,0.0655238199692478
2019-07-15,0.006535604629134763,0.06059325159976609
2019-07-16,0.009212255465732124,0.06232348064521658
2019-07-17,0.00789001815285404,0.06008455142429783
2019-07-18,0.0050073598859568845,0.05062550631708746
2019-07-19,-0.048619232550085885,0.007410638620648389
2019-07-22,-0.061545499645205726,-0.003977735618918316
2019-07-23,-0.06390011544259099,-0.005735791635681973
2019-07-24,-0.04576714962851095,0.009861098573412724
2019-07-25,-0.05147485726043665,0.003611372597409346
2019-07-26,-0.053612102355320365,0.00469983422250591
2019-07-29,-0.05259559199556167,0.0053303508092862
2019-07-30,-0.06198335180138827,-0.0007622084260615266
2019-07-31,-0.07098807979086744,-0.0040206979178477355
2019-08-01,-0.07266777801278514,-0.003946778617697422
2019-08-02,-0.06926906780680758,-0.0055423013701799695
2019-08-05,-0.09354616982754337,-0.01812597331596114
2019-08-06,-0.09559868075092423,-0.020005889873465327
2019-08-07,-0.0986454741910591,-0.025158987293974523
2019-08-08,-0.09862322145983363,-0.02752995714279913
2019-08-09,-0.09566863188923949,-0.025264641787342553
2019-08-12,-0.09452909676802279,-0.02695917019271318
2019-08-13,-0.09418076377064168,-0.02621833384934552
2019-08-14,-0.078346476876803,-0.010697558255918178
2019-08-15,-0.08114835312791516,-0.010508979526016843
2019-08-16,-0.07962056825940689,-0.010956334562502546
2019-08-19,-0.07612206663919013,-0.0056347993883046794
2019-08-20,-0.07386814444216865,-0.0031865693346126225
2019-08-21,-0.07617269038759562,-0.008038739653132424
2019-08-22,-0.07632080404175165,-0.008391985529651026
2019-08-23,-0.07995156842439688,-0.011070860409682574
2019-08-26,-0.08457052236225521,-0.01562662306467312
2019-08-27,-0.08410778465005508,-0.015543049684174963
2019-08-28,-0.08574254310885003,-0.01756160675775918
2019-08-29,-0.0848382760634677,-0.024053512665607537
2019-08-30,-0.08512021016357055,-0.024072385723265307
2019-09-03,-0.0891371731275227,-0.026123935761915715
2019-09-04,-0.0940140383193866,-0.03189711223452311
2019-09-05,-0.09255911772535041,-0.03244561886113084
2019-09-06,-0.08068818876779653,-0.02105344605382239
2019-09-09,-0.08662987484623634,-0.028312014770712098
2019-09-10,-0.08631393453743667,-0.028441061000689813
2019-09-11,-0.07807338594753237,-0.01994447956271336
2019-09-12,-0.08035758571384867,-0.019758320043049827
2019-09-13,-0.0847109628738079,-0.024721634059419535
2019-09-16,-0.07887076801524646,-0.021459991586896526
2019-09-17,-0.07864313743782872,-0.021028521936221168
2019-09-18,-0.08348318841949422,-0.025050347963998378
2019-09-19,-0.08387961547681846,-0.02631420063671423
2019-09-20,-0.08464266660818623,-0.029326882299612764
2019-09-23,-0.08373112868831509,-0.027926588674099057
2019-09-24,-0.0840474723470478,-0.026255876291129784
2019-09-25,-0.08466152435593106,-0.02570412051408541
2019-09-26,-0.08482848629839158,-0.026937701127319715
2019-09-27,-0.08409360820114971,-0.027572791223793296
2019-09-30,-0.08410948671467273,-0.026951836051764298
2019-10-01,-0.08376686489859904,-0.023595590539238563
2019-10-02,-0.08040451771811426,-0.021622333023266906
2019-10-03,-0.08116855446670876,-0.02269079143334125
2019-10-04,-0.07434223763713414,-0.014626344001403387
2019-10-07,-0.07397999232219972,-0.014365322986696826
2019-10-08,-0.0769937163849876,-0.019003680133756806
2019-10-09,-0.07403178798435046,-0.015969889976467196
2019-10-10,-0.07260319012496019,-0.014578139676697442
2019-10-11,-0.07449957825282574,-0.017101105786996706
2019-10-14,-0.07401224902173804,-0.01649230051728232
2019-10-15,-0.07442700352565533,-0.016096674609817074
2019-10-16,-0.0738513200719013,-0.016451454516515758
2019-10-17,-0.07308588677265793,-0.015676068129317124
2019-10-18,-0.07264208493754452,-0.015169415367770455
2019-10-21,-0.07174062713321268,-0.014923831020203173
2019-10-22,-0.06939358669254042,-0.013240949208131169
2019-10-23,-0.06994407364199323,-0.013512230489122142
2019-10-24,-0.07015668299183071,-0.01376914065635904
2019-10-25,-0.06629256474357349,-0.012352528668892195
2019-10-28,-0.06326303513391111,-0.012113621662484189
2019-10-29,-0.06371238665310992,-0.012672748235721594
2019-10-30,-0.06382209664271384,-0.012563642634382536
2019-10-31,-0.06473769657333346,-0.012866464352627966
2019-11-01,-0.06549658417272697,-0.014080238590796322
2019-11-04,-0.06413220459381051,-0.012422642978658272
2019-11-05,-0.06399999712270732,-0.012161027198165163
2019-11-06,-0.06430589859958434,-0.012474695539236165
2019-11-07,-0.06482870964277718,-0.01490039062579713
2019-11-08,-0.06475446725403644,-0.014575807929524408
2019-11-11,-0.06418653566364547,-0.013411936535457516
2019-11-12,-0.06460470125727161,-0.01369101124300852
2019-11-13,-0.06449022314348439,-0.01419487355788451
2019-11-14,-0.06456542633501977,-0.01427589100494263
2019-11-15,-0.06591748301651838,-0.015260860202013135
2019-11-18,-0.06590104419544368,-0.015268151440568633
2019-11-19,-0.06566333298425435,-0.015117256572232948
2019-11-20,-0.06494074955811242,-0.014593794806183715
2019-11-21,-0.06382940119226671,-0.013280851946961016
2019-11-22,-0.06547667635129777,-0.014779832124826814
2019-11-25,-0.06730290070504535,-0.01670827163131583
2019-11-26,-0.06756409956134166,-0.016938172692800246
2019-11-27,-0.06575154172048603,-0.015598718511118664
2019-11-29,-0.06646892602241081,-0.015097282285698028
2019-12-02,-0.0626904511027235,-0.01323524384835334
2019-12-03,-0.06298918552021722,-0.01355310328181926
2019-12-04,-0.06282334415068777,-0.012917155560075088
2019-12-05,-0.060338929647568144,-0.013618928479984598
2019-12-06,-0.05927148867012935,-0.01302095365155219
2019-12-09,-0.058254160141488855,-0.011802392494209528
2019-12-10,-0.05647835719602047,-0.010378166839015745
2019-12-11,-0.056860583320702686,-0.010660442996347975
2019-12-12,-0.05796480310046311,-0.011303666430547699
2019-12-13,-0.05852712296097421,-0.011936933960479956
2019-12-16,-0.06152112362477764,-0.015682298508509312
2019-12-17,-0.06169901574636659,-0.015654660460450765
2019-12-18,-0.06245621459082249,-0.01636512459452596
2019-12-19,-0.061629487944641945,-0.015567126727493052
2019-12-20,-0.061177829275656626,-0.014392167374540571
2019-12-23,-0.05965796910343631,-0.012860756025357307
2019-12-24,-0.05963176679447788,-0.012917084719568744
2019-12-26,-0.0594883521324757,-0.01259765975825058
2019-12-27,-0.06191429382754355,-0.01347832358700835
2019-12-30,-0.06193003551470727,-0.014597862465032172
2019-12-31,-0.06182405725885961,-0.015370949720523178
2020-01-02,-0.0635200104404521,-0.016293168061381175
2020-01-03,-0.06654015023512068,-0.018487653382601145
2020-01-06,-0.06834829237785149,-0.018707282373938827
2020-01-07,-0.0676660620911029,-0.01807810602964488
2020-01-08,-0.06873540495665656,-0.018718179538834364
2020-01-09,-0.0685977551588113,-0.018679292987091
2020-01-10,-0.0693382858460422,-0.020187869905421926
2020-01-13,-0.0680755852498561,-0.01891277058847802
2020-01-14,-0.06910582327467013,-0.02056270423690574
2020-01-15,-0.06889006971278429,-0.020115228735185866
2020-01-16,-0.06889588925652293,-0.020852827796600994
2020-01-17,-0.06716079763729246,-0.019686909581758314
2020-01-21,-0.06620462077882876,-0.018817682233373132
2020-01-22,-0.06675778206884003,-0.019077220794587037
2020-01-23,-0.06641532827846834,-0.018928320267484137
2020-01-24,-0.06993078477760176,-0.022508013763407848
2020-01-27,-0.07498604137737948,-0.03022615272474569
2020-01-28,-0.07085549041592581,-0.027707502574298215
2020-01-29,-0.07001184080105591,-0.027159785319002944
2020-01-30,-0.06981272841631424,-0.027155265064406707
2020-01-31,-0.06792333479703429,-0.02622354128445344
2020-02-03,-0.06773956809667403,-0.022941849554212277
2020-02-04,-0.06925226717809457,-0.023405448530364345
2020-02-05,-0.06579972509909454,-0.018930653228428292
2020-02-06,-0.0652803666400567,-0.018086041801668066
2020-02-07,-0.06654595607898961,-0.020206065236586794
2020-02-10,-0.06749565485608068,-0.020435373200842676
2020-02-11,-0.067154802391116,-0.020023907176021025
2020-02-12,-0.06642815557635116,-0.01520919142733097
2020-02-13,-0.06665822593813003,-0.015815360281881723
2020-02-14,-0.06656841329861979,-0.01536871777529394
2020-02-18,-0.06557187633244187,-0.015105377584877629
2020-02-19,-0.06904512113491094,-0.02045200211878038
2020-02-20,-0.07015828410974596,-0.02049142109139354
2020-02-21,-0.07071590618159339,-0.02296122413613492
2020-02-24,-0.06794286433179518,-0.02125758743670603
2020-02-25,-0.059936384704904276,-0.008969837370793009
2020-02-26,-0.05822223416112261,-0.00700353408176639
2020-02-27,-0.05577618695005987,-0.0114878875162293
2020-02-28,-0.05493017330877663,-0.011408752279171024
2020-03-02,-0.04873918589414501,-0.009596593584785058
2020-03-03,-0.046708596866344904,-0.007097599248353012
2020-03-04,-0.047100579076286495,-0.007226238521318932
2020-03-05,-0.05444630382623722,-0.012826776221221138
2020-03-06,-0.054518033194429154,-0.017571691608397683
2020-03-09,0.00519972236236821,0.0403341068032399
2020-03-10,0.0040486043325205865,0.037588859404155114
2020-03-11,0.004385819009833835,0.04283741217594351
2020-03-12,0.16104056126305957,0.18142093006753043
2020-03-13,0.1952786620376201,0.2252758578326979
2020-03-16,0.22166943988287344,0.2638894989898466
2020-03-17,0.22603648325256526,0.2636973928949615
2020-03-18,0.22241435656988276,0.25881962300578154
2020-03-19,0.2218338234945609,0.2583334851776409
2020-03-20,0.2197347181990893,0.25960805066769244
2020-03-23,0.21519648782325246,0.25713918584677026
2020-03-24,0.22058941427556814,0.25276757557078106
2020-03-25,0.22014752068969126,0.2523783781010323
2020-03-26,0.21411783192764555,0.24420870970881423
2020-03-27,0.21713884232131073,0.2447097385250064
2020-03-30,0.21647649218313134,0.24411233358952075
2020-03-31,0.21676542191294362,0.24407625016002707
2020-04-01,0.21120364165305747,0.24018678918678754
2020-04-02,0.2122843766853864,0.24177053550345168
2020-04-03,0.21254852551200004,0.24153969814713566
2020-04-06,0.22461780468868883,0.2670413482271768
2020-04-07,0.2246387021941029,0.26711984560375845
2020-04-08,0.22673196135109167,0.270229163207374
2020-04-09,0.22686330024559342,0.2702694190735862
2020-04-13,0.22853018660971325,0.27211324555719374
2020-04-14,0.22705636535004395,0.2711796066211635
2020-04-15,0.22888087711065816,0.2723941192932342
2020-04-16,0.22968695022554877,0.27278306397665447
2020-04-17,0.22847310089552778,0.2716186751809853
2020-04-20,0.22985571417765077,0.27130459493125936
2020-04-21,0.22905150055160559,0.2697611306807943
2020-04-22,0.23066747252904227,0.27158642023490537
2020-04-23,0.2301962667978416,0.27245339278239006
2020-04-24,0.2305241040618215,0.27281915722150235
2020-04-27,0.23131583420037163,0.2737126487961331
2020-04-28,0.23143706751477744,0.2740762758540229
2020-04-29,0.23879702952552687,0.27835915532263233
2020-04-30,0.23814860327352808,0.2783118287868925
2020-05-01,0.23614443602645757,0.2754653478703847
2020-05-04,0.23628940338770948,0.27532997218766403
2020-05-05,0.23214076726705762,0.27126552029783735
2020-05-06,0.2276455555727321,0.26752638294283965
2020-05-07,0.22918957676206284,0.26820354784140976
2020-05-08,0.22738890305400136,0.26720284912712294
2020-05-11,0.23418656136876168,0.2721840700048434
2020-05-12,0.23235077760576825,0.2708070486425914
2020-05-13,0.2232665176646233,0.26349965507377043
2020-05-14,0.22452340363657153,0.26370610552634244
2020-05-15,0.22592591915250465,0.2642174121645232
2020-05-18,0.2299909680973107,0.27100616842772673
2020-05-19,0.232320193456277,0.2730106835851894
2020-05-20,0.23176727917740866,0.2740981822789833
2020-05-21,0.23091628197774552,0.2762830681393125
2020-05-22,0.23092331879923633,0.2764431752877385
2020-05-26,0.2290298244833607,0.27534514031595514
2020-05-27,0.2300808702311357,0.2759899893939997
2020-05-28,0.22990845396125895,0.27557163172272203
2020-05-29,0.2285701356125314,0.2745693082197379
2020-06-01,0.23613129117232376,0.283072788176057
2020-06-02,0.23415181027078463,0.2824068969909139
2020-06-03,0.23512424086429706,0.283175526168398
2020-06-04,0.2418605795839971,0.291987779959135
2020-06-05,0.2365865172886992,0.28760356784363555
2020-06-08,0.24163786169455148,0.3190353079877882
2020-06-09,0.2536731061765809,0.331301271366487
2020-06-10,0.25550582400279925,0.33575201205594035
2020-06-11,0.26356130539634104,0.3464014367365243
2020-06-12,0.26559527503112157,0.34783728857316326
2020-06-15,0.26566539637703784,0.3505296797056193
2020-06-16,0.26399093495484904,0.3491830327095719
2020-06-17,0.26517001446761007,0.34797015105621765
2020-06-18,0.2646473734196822,0.3484702144768216
2020-06-19,0.2650512471839875,0.3491763679479802
2020-06-22,0.2655162337250454,0.3495312236619089
2020-06-23,0.26795756213589733,0.3547634185725195
2020-06-24,0.2700577450047266,0.35624684475750196
2020-06-25,0.26968993808218245,0.35581485282356035
2020-06-26,0.27111607901270474,0.35835836947702027
2020-06-29,0.27084565932184324,0.35763416204887183
2020-06-30,0.27012576563627605,0.35691377073602615
2020-07-01,0.2707578715335903,0.35828634201213355
2020-07-02,0.2699495721076176,0.35762808084692815
2020-07-06,0.2708198384992009,0.3590682562164653
2020-07-07,0.27124438733219824,0.3592849920112122
2020-07-08,0.27167493190752834,0.3600176546105779
2020-07-09,0.27122445695554287,0.3595296583197247
2020-07-10,0.2709450062023505,0.3589830650174289
2020-07-13,0.2709867383254868,0.3583993067704433
2020-07-14,0.2710407601037276,0.3587353945990584
2020-07-15,0.27069222405771554,0.35834136930329624
2020-07-16,0.2710966521820132,0.3585792469938648
2020-07-17,0.2711207483762728,0.35863268476085364
2020-07-20,0.27088390863535056,0.35867333742266494
2020-07-21,0.2707503892984404,0.3585325177512426
2020-07-22,0.27182236665073833,0.3618313101760049
2020-07-23,0.27155623982756427,0.3596800991038758
2020-07-24,0.2719448004129804,0.35934740645044255
2020-07-27,0.2715926059546832,0.3585224175046493
2020-07-28,0.27170570220962376,0.3586879923206302
2020-07-29,0.2722304941277239,0.35861038936790623
2020-07-30,0.273213734953087,0.3629471834279937
2020-07-31,0.273439494349506,0.363329997542458
2020-08-03,0.27299784230384067,0.36300155754417307
2020-08-04,0.272791800138945,0.36286074727086043
2020-08-05,0.2735143528402485,0.3639735612007036
2020-08-06,0.27342010865800415,0.36349175025146857
2020-08-07,0.2733465644409152,0.3631731780688396
2020-08-10,0.27338720248750836,0.3631583419659558
2020-08-11,0.274291677373422,0.3639591585625879
2020-08-12,0.27427556226664973,0.3644174181921681
2020-08-13,0.27447781283860045,0.3635862528535613
2020-08-14,0.2744959415592817,0.36363462346767705
2020-08-17,0.2745260468032095,0.36330183741256006
2020-08-18,0.27423956442683484,0.3630787342008869
2020-08-19,0.27487158399549017,0.36422976995985995
2020-08-20,0.27493643349264746,0.36429942308559177
2020-08-21,0.2746938999181714,0.36324534481716725
2020-08-24,0.274917596937831,0.3639358342981017
2020-08-25,0.2742593484782324,0.3625694319466318
2020-08-26,0.2742586864767309,0.36244342897073767
2020-08-27,0.27416817920398334,0.3623835049959569
2020-08-28,0.2743951814715662,0.36266991475031973
2020-08-31,0.275062701166092,0.36169226008382127
2020-09-01,0.27549799589241064,0.3625087694842155
2020-09-02,0.2724557617548719,0.3577490136616052
2020-09-03,0.2811659877438685,0.3658289760921795
2020-09-04,0.2808545525843853,0.3664433189883251
2020-09-08,0.2832883427641441,0.3727862441858433
2020-09-09,0.2832516418152313,0.37368496125018313
2020-09-10,0.28218389776174657,0.37115821881280875
2020-09-11,0.2874052256442867,0.3751385304296244
2020-09-14,0.2880109321457036,0.375150299740712
2020-09-15,0.2881821479502633,0.3746388548816515
2020-09-16,0.2877367377981862,0.3744783620943361
2020-09-17,0.28811320626728903,0.373410534532058
2020-09-18,0.2877937025177116,0.3733634668236773
2020-09-21,0.28893311584826387,0.37470101584862486
2020-09-22,0.28933765059500216,0.37538756495502035
2020-09-23,0.29084657399658537,0.37849349760701656
2020-09-24,0.29080751949447503,0.3778943143348834
2020-09-25,0.2902033566478593,0.37788761053950976
2020-09-28,0.28984904123593913,0.3776709798471666
2020-09-29,0.28962759070399524,0.37761060714090533
2020-09-30,0.289356908847428,0.3775072271510559
2020-10-01,0.28847043766775415,0.37735480777694874
2020-10-02,0.28847001159276703,0.37770439152567964
2020-10-05,0.28930749650095927,0.3787340610223584
2020-10-06,0.2898353715192283,0.37966768610137797
2020-10-07,0.2896888144981519,0.3792274651011555
2020-10-08,0.2900499926736288,0.3797457831319261
2020-10-09,0.29047492707217004,0.380097037436289
2020-10-12,0.29211096997632136,0.38160061962539066
2020-10-13,0.29152411129493416,0.3813719703766885
2020-10-14,0.291453042673546,0.3819076491905456
2020-10-15,0.29241132208061554,0.38153213917861933
2020-10-16,0.2926551953139205,0.3814209765818753
2020-10-19,0.2907867490561857,0.37921906339237466
2020-10-20,0.29077697470792224,0.3786086280966369
2020-10-21,0.3168782310895322,0.39037043294610724
2020-10-22,0.31663236019547736,0.3903549899146417
2020-10-23,0.3163255317170423,0.39159526779097853
2020-10-26,0.3168372157761104,0.3922814163790495
2020-10-27,0.3155703109196237,0.39173810807328074
2020-10-28,0.3208237681237032,0.39423811017565746
2020-10-29,0.3212045891033879,0.39367783126638983
2020-10-30,0.32066835924293935,0.3938008994307665
2020-11-02,0.32167894602568586,0.3938479176673845
2020-11-03,0.32264385205930457,0.39378040496739314
2020-11-04,0.32720774916534184,0.3984724567626402
2020-11-05,0.33049386730618524,0.39903138925790615
2020-11-06,0.3310633998139565,0.3978010645012753
2020-11-09,0.3319104262030331,0.3990936404472934
2020-11-10,0.3318700447461787,0.3991137176754049
2020-11-11,0.33795256089092757,0.4031651680851012
2020-11-12,0.33618571645138295,0.40294700342143563
2020-11-13,0.3360418587817974,0.4034257890883633
2020-11-16,0.33600617931716015,0.40209992632781655
2020-11-17,0.3345498760711188,0.40137069903880135
2020-11-18,0.33410305255636263,0.4012879421013184
2020-11-19,0.33442178488885327,0.4021101690686404
2020-11-20,0.33288666125769856,0.3996294517353152
2020-11-23,0.33355158296710996,0.39591719964919037
2020-11-24,0.3358122879134729,0.39526017793855134
2020-11-25,0.33698554794310276,0.3962825863863749
2020-11-27,0.3346789129360615,0.3941861504755523
2020-11-30,0.32724821642602103,0.38581566949327006
2020-12-01,0.32637798173833926,0.3854619354650658
2020-12-02,0.32847758376336855,0.3861916038442745
2020-12-03,0.3317974739235788,0.3867760370305676
2020-12-04,0.33322676045286465,0.3847446389055744
2020-12-07,0.3388788996907377,0.3880815738712555
2020-12-08,0.3389757833986764,0.38682874480960217
2020-12-09,0.3473515351850999,0.3876236292765596
2020-12-10,0.3473444025460822,0.38772234643151915
2020-12-11,0.3477302459873246,0.38736663562521806
2020-12-14,0.3466706097618319,0.3856946824790494
2020-12-15,0.35243929993317386,0.38801105898311483
2020-12-16,0.35052050852324385,0.3873105488144895
2020-12-17,0.35126709729408223,0.3887227620040216
2020-12-18,0.3525872323198421,0.3898270333294823
2020-12-21,0.35264105564662396,0.3896597648034892
2020-12-22,0.35337096039568977,0.3940320876262424
2020-12-23,0.35600587091049263,0.3946106861278866
2020-12-24,0.356744768242161,0.3963715094902295
2020-12-28,0.3569502052636,0.3942417103631554
2020-12-29,0.35660620084335887,0.3939489355844468
2020-12-30,0.3563108131917378,0.39410309193798143
2020-12-31,0.3578938993787212,0.3942308994717265
2021-01-04,0.35006213137115616,0.3526454629703574
2021-01-05,0.35056753952119246,0.35317331668649726
2021-01-06,0.3505518689542386,0.35329765354099574
2021-01-07,0.35237830615264754,0.35332859993855076
2021-01-08,0.35266353835651754,0.35314424765185276
2021-01-11,0.35391814302417973,0.3546167025500988
2021-01-12,0.3545482839229715,0.35425301169256646
2021-01-13,0.3530330751683421,0.35369321593804837
2021-01-14,0.36868306255945615,0.35929363833035555
2021-01-15,0.3710364693914732,0.3614855307742794
2021-01-19,0.3705656679891237,0.3605556240235063
2021-01-20,0.37001114290114256,0.3621340884738968
2021-01-21,0.3653493542952362,0.3569070247665522
2021-01-22,0.3621450540071097,0.3549666851966788
2021-01-25,0.3648204964995226,0.3558268888543362
2021-01-26,0.35957871456927826,0.3503802394589644
2021-01-27,0.36352971481382623,0.3538476910937194
2021-01-28,0.36413200894781134,0.3556163943179774
2021-01-29,0.3609928802854322,0.3522481394661077
2021-02-01,0.35880280815546417,0.35074199574559367
2021-02-02,0.3627060130881769,0.3538300760593026
2021-02-03,0.36207828808025466,0.35295662196421385
2021-02-04,0.36441793156384494,0.3530763201380908
2021-02-05,0.3649090253413273,0.35415023267590606
2021-02-08,0.3588786227519619,0.3541078256957422
2021-02-09,0.3602788387032863,0.35601629087854514
2021-02-10,0.361647997162324,0.3573007353373911
2021-02-11,0.3609290170495661,0.3573079675642861
2021-02-12,0.36575819330532217,0.35893828110470427
2021-02-16,0.36579708160419155,0.3597630915063328
2021-02-17,0.36537851715847336,0.3603492404691868
2021-02-18,0.36570043443722317,0.35973810695837405
2021-02-19,0.3636631928385425,0.360265885687662
2021-02-22,0.36436708992598854,0.3609592111477082
2021-02-23,0.36176197594614606,0.3590979014986816
2021-02-24,0.361950242910667,0.3595211780879186
2021-02-25,0.3648858211909836,0.36333774656931844
2021-02-26,0.365009191588788,0.3651681704800319
2021-03-01,0.36808196505062785,0.367853902217608
2021-03-02,0.3686203238224199,0.36851184980835744
2021-03-03,0.3662752844731684,0.36661940342759547
2021-03-04,0.3673665404356848,0.3669993456689761
2021-03-05,0.3673989999038831,0.3665647201074283
2021-03-08,0.36515363005155177,0.35944205257045064
2021-03-09,0.36678981172196967,0.35942689291570695
2021-03-10,0.36700846467667214,0.35847798699919337
2021-03-11,0.367767739732807,0.3593177435933671
2021-03-12,0.36775775009744943,0.3590078348683286
2021-03-15,0.36717867809372373,0.3586145791631227
2021-03-16,0.36756659462276153,0.35960384152680164
2021-03-17,0.3682049541702731,0.3604956655875263
2021-03-18,0.3697346785585952,0.3613539298108896
2021-03-19,0.3697361607777707,0.36156301511024547
2021-03-22,0.36709783887321684,0.3599047007250913
2021-03-23,0.36650570327227355,0.35951194104014483
2021-03-24,0.367073982163081,0.3601958107561934
2021-03-25,0.368155608671986,0.36192546190448666
2021-03-26,0.3699442491909471,0.36344385967232956
2021-03-29,0.3703540908360697,0.36382012114498097
2021-03-30,0.3700370009343341,0.36366449269211293
2021-03-31,0.36996352656325976,0.36372203098225875
2021-04-01,0.3694672124015681,0.36384473251352834
2021-04-05,0.368600326422349,0.3650434857761529
2021-04-06,0.36843335474159244,0.3648999703339904
2021-04-07,0.3697242156074994,0.36488440790146887
2021-04-08,0.3698359019660823,0.36496398992583756
2021-04-09,0.3733940747016407,0.3653644274123567
2021-04-12,0.373246373198548,0.36528047931624186
2021-04-13,0.3730455064896943,0.3653645729424881
2021-04-14,0.37361091624129567,0.3648083486510443
2021-04-15,0.37330048156753826,0.36509997494207636
2021-04-16,0.3728383083217469,0.36488809537138
2021-04-19,0.3723310589768373,0.36481152230969527
2021-04-20,0.3720017670454526,0.36300110035766325
2021-04-21,0.3699216255715652,0.36301442202283024
2021-04-22,0.37090715778846656,0.3628951443470592
2021-04-23,0.37109837413145375,0.36229202237248004
2021-04-26,0.3705442082122438,0.36191096719948396
2021-04-27,0.3704561428957746,0.3615843370360181
2021-04-28,0.3704912986255321,0.36142504134031983
2021-04-29,0.3697712553496295,0.3613465681299501
2021-04-30,0.36755254913169594,0.3621746636503979
2021-05-03,0.36753873543440146,0.35688102549578715
2021-05-04,0.36796951758740476,0.35742305912787303
2021-05-05,0.3665779725185432,0.3566260768385973
2021-05-06,0.36606062086535524,0.3566408440267862
2021-05-07,0.36699349357196515,0.35735214625983164
2021-05-10,0.36853280958594853,0.3529338781206895
2021-05-11,0.3681219940470431,0.3516230268875077
2021-05-12,0.3726294088009734,0.35485222097595787
2021-05-13,0.3731543423064109,0.3538995033902846
2021-05-14,0.37190030132513874,0.35482274849544504
2021-05-17,0.36926918322232233,0.3514396454699451
2021-05-18,0.36999045075520404,0.3511802843501821
2021-05-19,0.3672332982419587,0.3450398671203714
2021-05-20,0.367838576081518,0.34621480132528837
2021-05-21,0.3663987675592832,0.34470170675302375
2021-05-24,0.3668985815351631,0.3454320129079108
2021-05-25,0.3671028952136441,0.3455182635802444
2021-05-26,0.36722394050025664,0.3453290728063654
2021-05-27,0.36704075430123767,0.3448917411002594
2021-05-28,0.3674317751292412,0.3453577774891195
2021-06-01,0.3676344893037378,0.3452643039491923
2021-06-02,0.3696788244825704,0.34603811596298306
2021-06-03,0.36907303373204003,0.3458489094759464
2021-06-04,0.36661753726716184,0.34425509454283176
2021-06-07,0.36522265843492624,0.34422025488034896
2021-06-08,0.36521548073634025,0.34412071952949075
2021-06-09,0.36211944526345563,0.34430657371609996
2021-06-10,0.3617420618267066,0.34338085183543415
2021-06-11,0.3617121978931941,0.3435396795529673
2021-06-14,0.36106858795097435,0.34346858944816056
2021-06-15,0.3621677867902087,0.34390261701852615
2021-06-16,0.36409957436893825,0.34515813412330265
2021-06-17,0.3642680967693235,0.34523967301038005
2021-06-18,0.36675496368125543,0.34647988658256523
2021-06-21,0.35922439434620407,0.339390201874959
2021-06-22,0.3601050235403844,0.33961067306295223
2021-06-23,0.36026445720586575,0.3394270912456028
2021-06-24,0.36066320678274205,0.33943359212116997
2021-06-25,0.36010787439499575,0.340660222014923
2021-06-28,0.35911576201159456,0.3392650310449314
2021-06-29,0.3592282216379263,0.33958145732159173
2021-06-30,0.3589543166820478,0.3393548881388088
2021-07-01,0.3577859698270836,0.3379085516711357
2021-07-02,0.3578181663731881,0.33795988775223723
2021-07-06,0.3580461757859393,0.3372071382416854
2021-07-07,0.3579955699105722,0.3370600094827327
2021-07-08,0.36190218196970475,0.3398430104815136
2021-07-09,0.3616583978210681,0.3394995892845188
2021-07-12,0.36133702083561015,0.3387971263492269
2021-07-13,0.36143909083581477,0.3389963214993
2021-07-14,0.36085432484797836,0.33822777725145153
2021-07-15,0.36129945385039475,0.3380674240023404
2021-07-16,0.36257110526246233,0.3389886478518685
2021-07-19,0.3624456568190198,0.33900871597731663
2021-07-20,0.36028806294238075,0.3378723373778849
2021-07-21,0.36083804576207756,0.3391148150487336
2021-07-22,0.36087020034544753,0.3392504751500732
2021-07-23,0.3615669019473722,0.33989371234431437
2021-07-26,0.3597417865005594,0.33982553781642133
2021-07-27,0.35832929111459905,0.3395172001873818
2021-07-28,0.35827069127983907,0.3396816312510686
2021-07-29,0.35807572571716556,0.3397008944488992
2021-07-30,0.3578295468373613,0.34064860433983596
2021-08-02,0.3572353269042575,0.34002167739347594
2021-08-03,0.35658049924773855,0.339665059990114
2021-08-04,0.35649217593307453,0.3389355896842743
2021-08-05,0.3549488305829666,0.33603194049436386
2021-08-06,0.35454566524742664,0.3359527412375149
2021-08-09,0.35459957677198206,0.3371818966610582
2021-08-10,0.35419701160937633,0.33709771474612954
2021-08-11,0.35494749417821214,0.3392124935849644
2021-08-12,0.3544811220361559,0.33772961641472216
2021-08-13,0.35735993815951367,0.3404297503315385
2021-08-16,0.36213547204190677,0.34257006165636383
2021-08-17,0.3631255599078367,0.3460316769228104
2021-08-18,0.3434880236054389,0.3269793634599527
2021-08-19,0.3480576685957023,0.33202414132056635
2021-08-20,0.35174460082384995,0.331745675212609
2021-08-23,0.26816772335821487,0.25998073553037665
2021-08-24,0.2436738818624123,0.23135704553264108
2021-08-25,0.21513048095255388,0.19054470816190452
2021-08-26,0.212892343453998,0.19265084994257914
2021-08-27,0.21716865000761665,0.19692419167563407
2021-08-30,0.21845955359272043,0.19715797452133102
2021-08-31,0.22079885557863266,0.1938943755313434
2021-09-01,0.2262848412741151,0.19459495208101674
2021-09-02,0.22373958250604922,0.20316834150347002
2021-09-03,0.22455982774463476,0.20413752269800528
2021-09-07,0.2336836007286705,0.21127630680637063
2021-09-08,0.22928091635338785,0.20840703709937608
2021-09-09,0.23361192397629438,0.21325760932146207
2021-09-10,0.2353060097195825,0.2154727222221434
2021-09-13,0.24522740577223942,0.22092544379288864
2021-09-14,0.2419852533966085,0.21809402388236993
2021-09-15,0.24182563215203043,0.21896102220282765
2021-09-16,0.2276757831825906,0.1845257884515912
2021-09-17,0.22808830542273023,0.18620825097724347
2021-09-20,0.23595378350961407,0.19225617605661718
2021-09-21,0.2373813083578337,0.19401551218151053
2021-09-22,0.23623692792700968,0.19312330074858697
2021-09-23,0.2408511909151355,0.19571745931163792
2021-09-24,0.23748448027598484,0.1931213955556776
2021-09-27,0.2368948145460412,0.19203680320160463
2021-09-28,0.24280268258658713,0.19828024751459244
2021-09-29,0.2401616470378104,0.19873806685006637
2021-09-30,0.237606297630431,0.1975335830055474
2021-10-01,0.23946281210413617,0.1977251150627081
2021-10-04,0.2382317255690653,0.19653359108924315
2021-10-05,0.23975553147341594,0.19719221632829692
2021-10-06,0.23878792975099208,0.1960005551482451
2021-10-07,0.23698254966905807,0.19563685217490626
2021-10-08,0.22318585972920188,0.18907182074273113
2021-10-11,0.21872770820229703,0.18754895923587017
2021-10-12,0.22485548491256802,0.1927734243061396
2021-10-13,0.2250320757541316,0.1935055630323048
2021-10-14,0.22355815428473616,0.19613436596523626
2021-10-15,0.22669109264233803,0.19569834282650525
2021-10-18,0.2235786649036727,0.19426442328669258
2021-10-19,0.22680054121555804,0.19584806901965016
2021-10-20,0.22877874426943456,0.19679951607339619
2021-10-21,0.23126558312635379,0.19846396932482382
2021-10-22,0.23834864182978238,0.20317429937197581
2021-10-25,0.2367449648658676,0.20364427847170066
2021-10-26,0.23736608178531904,0.20419750548443888
2021-10-27,0.23492134952943025,0.19724498610846503
2021-10-28,0.23619861846614285,0.19925181737672176
2021-10-29,0.23974058343167665,0.20175885584857792
2021-11-01,0.2373211784976599,0.19975601680166022
2021-11-02,0.23758272999665261,0.20002400173192111
2021-11-03,0.24089663523409682,0.20199155805954316
2021-11-04,0.23819756880106965,0.2007428929038368
2021-11-05,0.2388280190722449,0.20122801227799808
2021-11-08,0.2374752122923442,0.20101613505518703
2021-11-09,0.2375078306533567,0.20105455562592436
2021-11-10,0.2430379629145934,0.2038674408411333
2021-11-11,0.24306678181426655,0.20326406304915953
2021-11-12,0.24251165888920112,0.20237039096702691
2021-11-15,0.24806194095670941,0.20697840231742848
2021-11-16,0.24651583732991,0.2052441473169725
2021-11-17,0.2466191174849304,0.20472687640472748
2021-11-18,0.24527527955916897,0.203672543241041
2021-11-19,0.23536519505882067,0.1941186080209695
2021-11-22,0.2358776927949056,0.19469756805238045
2021-11-23,0.23652986743776858,0.19631356395529442
2021-11-24,0.2370669650229556,0.19632588914672625
2021-11-26,0.24265065954000462,0.2005989235429066
2021-11-29,0.24703491691291382,0.20475842914148376
2021-11-30,0.2473420473581449,0.19959784292809782
2021-12-01,0.2459644864557,0.19908171544367964
2021-12-02,0.24379663891928302,0.1969464966633855
2021-12-03,0.24278220711369589,0.19653021155708936
2021-12-06,0.2385088737571218,0.19860941266963833
2021-12-07,0.23635927592760933,0.1947785152322129
2021-12-08,0.2371757875916003,0.19656783367329891
2021-12-09,0.24164605451785584,0.20105975941717316
2021-12-10,0.24046963269091193,0.19802106892922408
2021-12-13,0.24157438943071022,0.19989281669886363
2021-12-14,0.2405275025391967,0.19828789169967567
2021-12-15,0.24283184426082463,0.20115728370959104
2021-12-16,0.24390574066357862,0.20137822886711093
2021-12-17,0.24519070989408953,0.20192882794579126
2021-12-20,0.2444875477047399,0.20226855513312417
2021-12-21,0.24713489793267232,0.20189101366695453
2021-12-22,0.2471496922678763,0.20170374295749932
2021-12-23,0.24897544645639558,0.20298489919870294
2021-12-27,0.24731596582416104,0.2002826494673047
2021-12-28,0.24758425859063624,0.2007740962964436
2021-12-29,0.24781013866777,0.20051973844624207
2021-12-30,0.2474327305424068,0.20016282510635558
2021-12-31,0.24764966534258917,0.1993987484319344
2022-01-03,0.24824652602533295,0.2026912123081549
2022-01-04,0.24814591258306304,0.20311793536143258
2022-01-05,0.25098482308050746,0.20562266215881947
2022-01-06,0.2507921816595362,0.20529923566009253
2022-01-07,0.2514385549129362,0.20724826541149333
2022-01-10,0.25136638484054774,0.20876829121914597
2022-01-11,0.2515500765279007,0.2094454739158511
2022-01-12,0.2523728350510078,0.20743659936802966
2022-01-13,0.2549469342832194,0.20968418866130673
2022-01-14,0.25380515704829776,0.2092407526967275
2022-01-18,0.25506723101792417,0.21318245206869887
2022-01-19,0.2559147843652944,0.21426735680902578
2022-01-20,0.2573379353595984,0.21556464656127877
2022-01-21,0.26570278187537144,0.22505008688765896
2022-01-24,0.2655282969666571,0.2237623726407916
2022-01-25,0.2647751271130734,0.22494667159819484
2022-01-26,0.2648221778987718,0.22501960497772522
2022-01-27,0.26429544703882457,0.2258221483525436
2022-01-28,0.26430139546188863,0.22859387859541183
2022-01-31,0.26397042371549556,0.2303230590191781
2022-02-01,0.26385485687514315,0.23082961573914976
2022-02-02,0.26100217194896846,0.2298808761314213
2022-02-03,0.25794336004252033,0.22731701162679474
2022-02-04,0.25983721048442576,0.22968430158653907
2022-02-07,0.2578806657601424,0.22892939595221629
2022-02-08,0.2578965375921612,0.2283250085054479
2022-02-09,0.2568017954083442,0.22887307595137732
2022-02-10,0.2581026456730205,0.2340450379091358
2022-02-11,0.2596218976672978,0.23538741882713526
2022-02-14,0.2654931828135755,0.2422685017947864
2022-02-15,0.25117814043265135,0.23111536463925317
2022-02-16,0.2526706809219648,0.23129671593648732
2022-02-17,0.2572477398479994,0.22405856228445
2022-02-18,0.25860600970279196,0.22375387429856344
2022-02-22,0.2633129136295967,0.23083501958614952
2022-02-23,0.26532757426792375,0.23172859736782975
2022-02-24,0.26546852546689864,0.23125476665104444
2022-02-25,0.26588738490147795,0.23589631953196197
2022-02-28,0.2628809563308767,0.23496685826198557
2022-03-01,0.25943554937874397,0.23607755765345778
2022-03-02,0.2566735637830102,0.23316493111983794
2022-03-03,0.25495389730439477,0.22913335386377442
2022-03-04,0.2582841306886361,0.231985491624422
2022-03-07,0.25814103783919823,0.23000375590313507
2022-03-08,0.256936812356505,0.22856656697469835
2022-03-09,0.2675601880813336,0.23277200102933182
2022-03-10,0.27002727405647925,0.2344272231748777
2022-03-11,0.271341633073715,0.2355516459234154
2022-03-14,0.27086661550885954,0.235591449240456
2022-03-15,0.26816925598786695,0.2350953551386927
2022-03-16,0.27128755754246914,0.23727063326277573
2022-03-17,0.26966005583457053,0.2371379745255141
2022-03-18,0.26915375588004725,0.2364430488328752
2022-03-21,0.27022017683745236,0.23787711468013453
2022-03-22,0.27080531677229847,0.2379249338456464
2022-03-23,0.26933589862892066,0.23572610158613988
2022-03-24,0.2676623203057513,0.23350832879024888
2022-03-25,0.26724591090515293,0.23272428355551378
2022-03-28,0.2687881298656673,0.23392049807141893
2022-03-29,0.2684426716820281,0.23393296768666572
2022-03-30,0.26877676282766694,0.23415363309953033
2022-03-31,0.2758735228526812,0.23925846465321768
2022-04-01,0.2758468597237052,0.24038326174855082
2022-04-04,0.27795779052157066,0.24158884932456134
2022-04-05,0.27922883796502646,0.24246710146051823
2022-04-06,0.28193749836654397,0.2454669695275763
2022-04-07,0.28431518764081526,0.2431329006513951
2022-04-08,0.28603564767825773,0.24375770987882242
2022-04-11,0.2901307879000367,0.24564068015457793
2022-04-12,0.28972151662792245,0.2465093347159645
2022-04-13,0.29162067779949963,0.24668056287522222
2022-04-14,0.2942415058121725,0.24908486899526455
2022-04-18,0.29283333025180075,0.2498826941189618
2022-04-19,0.29381682130692904,0.24844106492893608
2022-04-20,0.28568568384558696,0.24804166122929616
2022-04-21,0.28682249589976705,0.25067170669481825
2022-04-22,0.2890968453194132,0.2515088616005849
2022-04-25,0.2893437025033346,0.2516455356741184
2022-04-26,0.29512944779340905,0.25705255846276215
2022-04-27,0.29805657287685594,0.25706850851455576
2022-04-28,0.2977338450024365,0.255219930250281
2022-04-29,0.29808111365493545,0.26020732927477874
2022-05-02,0.30003292664530407,0.26135472644015245
2022-05-03,0.30028369489165324,0.2606545664774474
2022-05-04,0.30465274862830105,0.2639687988561048
2022-05-05,0.31735741254162136,0.27278368329372205
2022-05-06,0.3184304272295266,0.272414592940922
2022-05-09,0.3365494746040078,0.2912668098747717
2022-05-10,0.3365737140342876,0.2913378377597614
2022-05-11,0.34358761624439377,0.29920616965161456
2022-05-12,0.35205534469951305,0.3064468056633023
2022-05-13,0.35398037887959544,0.3093589101674645
2022-05-16,0.3533379117206684,0.3092514320141803
2022-05-17,0.3533986731507738,0.3100922377915645
2022-05-18,0.36101720244748775,0.3214587860161923
2022-05-19,0.35889037012760516,0.32032861303853666
2022-05-20,0.3597767825431873,0.3214620458368711
2022-05-23,0.35846799592254835,0.32143023572613055
2022-05-24,0.3572539934207745,0.32113588108068064
2022-05-25,0.3565288441957821,0.31981116051135505
2022-05-26,0.35609113485523747,0.31336060150588396
2022-05-27,0.35044038344767886,0.3066043129103648
2022-05-31,0.34505649687137274,0.30184867287822403
2022-06-01,0.34576494765629107,0.30325343549907513
2022-06-02,0.3466930027041685,0.30241701976092494
2022-06-03,0.3475655945577343,0.30310690212688696
2022-06-06,0.34864369540863216,0.3038724588903932
2022-06-07,0.3480279345971977,0.30328268486248633
2022-06-08,0.3490099035569395,0.30321716737862703
2022-06-09,0.345399721678185,0.2993521175552332
2022-06-10,0.34742716677746593,0.30445436817784616
2022-06-13,0.3764628968805224,0.3330048169486661
2022-06-14,0.3766275781989577,0.33364621869670297
2022-06-15,0.3879254443625547,0.37860694639403664
2022-06-16,0.39617998893856476,0.38839768563186444
2022-06-17,0.3955702315912205,0.38774203224447046
2022-06-21,0.3913302457768701,0.388476872889959
2022-06-22,0.39069883931085214,0.38837604818942967
2022-06-23,0.3920191047426837,0.38921040082494684
2022-06-24,0.38982332916283624,0.3934714854570012
2022-06-27,0.39136061637644487,0.3939535757185594
2022-06-28,0.39344644165725456,0.3974382287169399
2022-06-29,0.3923311189238381,0.3966259990849759
2022-06-30,0.3938314605113613,0.39641106679891835
2022-07-01,0.39368017197103533,0.3962675657202659
2022-07-05,0.39801931076216207,0.4016321939555137
2022-07-06,0.40064784266115033,0.4047582982334447
2022-07-07,0.4035736624182359,0.405830630645672
2022-07-08,0.4036168194962398,0.4060905294379986
2022-07-11,0.40141615924465857,0.4043741496303125
2022-07-12,0.40028300093523306,0.4041909562001303
2022-07-13,0.4029290322913192,0.40667027493277447
2022-07-14,0.4056069500545385,0.4068709872420884
2022-07-15,0.4027634032269138,0.4043681718184985
2022-07-18,0.397854613764901,0.38408278085376435
2022-07-19,0.4013660833008356,0.3807561397946499
2022-07-20,0.4007106106313,0.37994558605899237
2022-07-21,0.40418098705710465,0.38057522730595733
2022-07-22,0.4047074227468462,0.38117843272959007
2022-07-25,0.4035977848304683,0.38035996680653084
2022-07-26,0.4040027615584252,0.37993601042897923
2022-07-27,0.4107665702756738,0.3879238984930629
2022-07-28,0.4127834352568453,0.38948546265670964
2022-07-29,0.4131043428878849,0.3889191483751472
2022-08-01,0.4131861389216113,0.3903174301971112
2022-08-02,0.41625673771705113,0.390315954703634
2022-08-03,0.4141856909290961,0.38737982186123826
2022-08-04,0.4174846423601263,0.38994685059110035
2022-08-05,0.41640973394395875,0.3877767231381446
2022-08-08,0.41262000696220213,0.38211597188882573
2022-08-09,0.4127375720656743,0.3822657493584454
2022-08-10,0.4091825967100054,0.3822363819702973
2022-08-11,0.40854266532856565,0.3811739430468275
2022-08-12,0.41364516946194485,0.3862627519202356
2022-08-15,0.4117655481329664,0.38521964879132725
2022-08-16,0.41236613736037625,0.38716357944778795
2022-08-17,0.4165514934756884,0.39774679217226094
2022-08-18,0.4142668585217967,0.39770436505512013
2022-08-19,0.41732935407630234,0.4024802336904386
2022-08-22,0.41089912883511936,0.40005672798531866
2022-08-23,0.4107985995294086,0.3999781888823422
2022-08-24,0.41180836993885533,0.39983227257536536
2022-08-25,0.41206277014947584,0.4002403906559674
2022-08-26,0.41696717805330613,0.40848474193124806
2022-08-29,0.41642445142824697,0.4070427578589674
2022-08-30,0.4171738069371629,0.4074483101506895
2022-08-31,0.41996163660248736,0.4094643471906377
2022-09-01,0.42049684853912556,0.4095748490949111
2022-09-02,0.41980051201150176,0.4088043514883929
2022-09-06,0.4207845409470175,0.40902313964603515
2022-09-07,0.4181994376480582,0.4079145992742599
2022-09-08,0.4191257033710291,0.4087219434476302
2022-09-09,0.42398141325338756,0.41055730206530594
2022-09-12,0.4255032440002689,0.4096744639195096
2022-09-13,0.43591800102389294,0.41363336296122905
2022-09-14,0.43664560631334554,0.41175501282013294
2022-09-15,0.43735317696104725,0.41403516776243626
2022-09-16,0.4375788691290623,0.4156536011724486
2022-09-19,0.4366812826331043,0.4138360565036985
2022-09-20,0.4378999132297473,0.41527974750296287
2022-09-21,0.4382936371962558,0.41735284159211133
2022-09-22,0.43531777230071733,0.4145907207865689
2022-09-23,0.43441971253493883,0.4148902930619677
2022-09-26,0.4343075694009756,0.4135016446691409
2022-09-27,0.4350863448557366,0.4142782017703035
2022-09-28,0.4355390762334536,0.41297117610570194
2022-09-29,0.4334700000711831,0.4143319810002938
2022-09-30,0.4360841938516808,0.41367708671690784
2022-10-03,0.43383163869768526,0.41155787163523394
2022-10-04,0.43670149171275285,0.4123872878813871
2022-10-05,0.4372251279631804,0.41271393187113375
2022-10-06,0.43735815270771455,0.41277061752579375
2022-10-07,0.43680774741455547,0.4115417832395178
2022-10-10,0.4382780799847271,0.41210410720995394
2022-10-11,0.4431787908727634,0.41249172043348603
2022-10-12,0.443186700633606,0.4187692988608581
2022-10-13,0.44160450130599604,0.4150970593976467
2022-10-14,0.4419753179966541,0.4132125137028321
2022-10-17,0.4429121947732054,0.41377215933090555
2022-10-18,0.44143421277021594,0.4128133925136318
2022-10-19,0.44086895922776087,0.42170403076425034
2022-10-20,0.4418234372630511,0.4240992452202401
2022-10-21,0.4337316912220005,0.4190549039826778
2022-10-24,0.43360660527684114,0.4213651791830912
2022-10-25,0.43591709107912063,0.42138284589100544
2022-10-26,0.4376773682954439,0.42319745792932834
2022-10-27,0.43781072497544105,0.4250205290258573
2022-10-28,0.4417611909701345,0.43621002757472815
2022-10-31,0.44009221136721155,0.4339632159351327
2022-11-01,0.4422214164251599,0.43675925874163424
2022-11-02,0.44063776558886614,0.4363529298456723
2022-11-03,0.4400078555017737,0.4359268601813671
2022-11-04,0.4418689175700525,0.43857557618130016
2022-11-07,0.4403276915279639,0.43681449273571243
2022-11-08,0.435882890404364,0.43180044641305015
2022-11-09,0.442741737069356,0.4399861874621089
2022-11-10,0.45749143894428723,0.4607166204878688
2022-11-11,0.45700032794169193,0.46149494200838753
2022-11-14,0.46151206469324774,0.46505074046034384
2022-11-15,0.4643635257758126,0.4652075112302222
2022-11-16,0.4645453423083145,0.46585463543867855
2022-11-17,0.4704351546266616,0.46645296903119715
2022-11-18,0.47094765372326164,0.46810837745803074
2022-11-21,0.47080997328532953,0.468598656915262
2022-11-22,0.47323877902559536,0.46979471492128966
2022-11-23,0.4737358663082016,0.4706545351342088
2022-11-25,0.4734322205777627,0.47065376583434243
2022-11-28,0.4737463697342624,0.4710333746737314
2022-11-29,0.4716294591079669,0.46891099277504983
2022-11-30,0.48797438714447333,0.4860691487517036
2022-12-01,0.4876606656453679,0.4863257961106767
2022-12-02,0.48837251420577155,0.48729478669682685
2022-12-05,0.4872539833845318,0.48790011064435557
2022-12-06,0.4904063648910651,0.4895801390346925
2022-12-07,0.4925863854801748,0.4931424107375725
2022-12-08,0.4937209984836291,0.49400665109969316
2022-12-09,0.49405361978470536,0.4944892075523789
2022-12-12,0.4955491611889133,0.4968729973164758
2022-12-13,0.49600473181491295,0.4971717309401436
2022-12-14,0.49594773843054313,0.49938467538295017
2022-12-15,0.49668264920138055,0.49997844893343174
2022-12-16,0.49719258879947764,0.500596548011973
2022-12-19,0.49651192470966166,0.5002990929441224
2022-12-20,0.4968689278882846,0.5014817242852574
2022-12-21,0.4955606321241577,0.50038558680446
2022-12-22,0.49465321195132916,0.49945417276669735
2022-12-23,0.49443732743500146,0.49931855533491687
2022-12-27,0.49431304750195265,0.4991553705017338
2022-12-28,0.49390319094533885,0.49857883814047876
2022-12-29,0.497068775156442,0.49996316108380584
2022-12-30,0.49652428364429174,0.49964966914510023
2023-01-03,0.49630840336874277,0.4993090806957438
2023-01-04,0.4954496735245039,0.49884887846822357
2023-01-05,0.49889242862927696,0.49869570381206735
2023-01-06,0.5005827756579332,0.49876136572852686
2023-01-09,0.50054128656913,0.49826243983830476
2023-01-10,0.5008609916354189,0.4981275038354911
2023-01-11,0.5048708949246592,0.5002094508428903
2023-01-12,0.5061494735813223,0.5015627379629829
2023-01-13,0.5075598271783215,0.5037563869992141
2023-01-17,0.5070010964593381,0.5051421924280274
2023-01-18,0.5071703298788166,0.5055297566677104
2023-01-19,0.5065895789210734,0.5044384075192885
2023-01-20,0.5135418425353858,0.5095308584008941
2023-01-23,0.5138943638340098,0.5080791535572112
2023-01-24,0.5138612961730813,0.5076711024801839
2023-01-25,0.5145249230057685,0.5084090673427117
2023-01-26,0.5158708957557968,0.5092308937844496
2023-01-27,0.5170345118695084,0.5103561581328152
2023-01-30,0.5165296737375958,0.5100757608143568
2023-01-31,0.5172931434152714,0.5104394468936477
2023-02-01,0.5185559558352464,0.5116075720668639
2023-02-02,0.5163017755786761,0.5103387588010637
2023-02-03,0.5159396522155337,0.5093207033729484
2023-02-06,0.5172127177685755,0.5104129397970366
2023-02-07,0.5179164105268741,0.5111524358174135
2023-02-08,0.5177932787737924,0.5108389808574917
2023-02-09,0.5177447196666306,0.5108191503387727
2023-02-10,0.519342203590869,0.5108724470273116
2023-02-13,0.5193385571521599,0.5115780106050122
2023-02-14,0.5196846223115005,0.5146586172203018
2023-02-15,0.5168073430087591,0.514159194494717
2023-02-16,0.5177639824230952,0.5148220888027383
2023-02-17,0.5172610323535946,0.5170126469742908
2023-02-21,0.5162157324852693,0.5172442768495616
2023-02-22,0.5164977824526555,0.5171059157290055
2023-02-23,0.515550131995065,0.5165278132956113
2023-02-24,0.5163152258088624,0.5169148312364842
2023-02-27,0.518987482423907,0.5186132282142167
2023-02-28,0.5185516026328055,0.5179270796174963
2023-03-01,0.5176966883151377,0.5168314372030252
2023-03-02,0.5171087115418277,0.5155606959281426
2023-03-03,0.5082702033687718,0.5079964410361824
2023-03-06,0.5092170979554478,0.5089654162944587
2023-03-07,0.5081392294720539,0.5078100844737743
2023-03-08,0.5067550276336041,0.5070913730131292
2023-03-09,0.5108665766960933,0.511107460312514
2023-03-10,0.5105656223171526,0.5107205558349722
2023-03-13,0.49070236096920095,0.5001135577177369
2023-03-14,0.49138356816858497,0.4999198895460958
2023-03-15,0.4965253420611278,0.5038959738277262
2023-03-16,0.496503327232548,0.5022073370540134
2023-03-17,0.489174588090694,0.4994222545953429
2023-03-20,0.48819898143553186,0.4968760779876161
2023-03-21,0.48938168895158496,0.4977922147104149
2023-03-22,0.49221104343810423,0.4990290756280344
2023-03-23,0.4922073755110356,0.4989902746779351
2023-03-24,0.4951673353453684,0.4978056093887529
2023-03-27,0.49498494462687925,0.4974899863363142
2023-03-28,0.49482940682358967,0.4969046399223609
2023-03-29,0.4974036663975234,0.4951340689975747
2023-03-30,0.4967360248223519,0.4947212496405837
2023-03-31,0.4970344989863189,0.49551085055825017
2023-04-03,0.4957044379178317,0.49485444128434514
2023-04-04,0.4949164583033601,0.49401737268115437
2023-04-05,0.49717858519540997,0.49416762411142223
2023-04-06,0.4971913930787227,0.4937997085217354
2023-04-10,0.49581614838460103,0.49368534326888575
2023-04-11,0.49682540605621733,0.4939307193394629
2023-04-12,0.49655310417822296,0.49333952556373334
2023-04-13,0.4955950196522693,0.49360243684391575
2023-04-14,0.49559016187165944,0.4927277087274543
2023-04-17,0.4948341501241904,0.4927646012770312
2023-04-18,0.4944503871628914,0.49286999488411476
2023-04-19,0.49355446875876974,0.4912013497992527
2023-04-20,0.49463083345790393,0.49134530515074665
2023-04-21,0.4941019660558582,0.4907960593295697
2023-04-24,0.49856003862650466,0.4918834749250046
2023-04-25,0.49484665975992664,0.49000431997945776
2023-04-26,0.4941261881191538,0.4896536186134501
2023-04-27,0.4959462729677702,0.49003036397878297
2023-04-28,0.4962107069750229,0.4901095637990267
2023-05-01,0.49552674487632314,0.4900290887574489
2023-05-02,0.4959179543650009,0.49114028514009567
2023-05-03,0.49534010364285513,0.49064850739987653
2023-05-04,0.4977866336702117,0.492957506120212
2023-05-05,0.49897189284005106,0.4971629511002801
2023-05-08,0.49706061087712017,0.49564925486211275
2023-05-09,0.4970341741275967,0.4961691591785948
2023-05-10,0.4974495187743423,0.49642321617893526
2023-05-11,0.49480548901404564,0.4945337895443467
2023-05-12,0.4928527486992443,0.4924979569387226
2023-05-15,0.4930722845558315,0.4975253521491747
2023-05-16,0.4938771875728805,0.49737821145311184
2023-05-17,0.495850385657495,0.4985375935392204
2023-05-18,0.493625072418087,0.4970467705306759
2023-05-19,0.4988807907719405,0.4962016419112052
2023-05-22,0.5001128078172998,0.49855029902367676
2023-05-23,0.49881269846028653,0.4969263887577611
2023-05-24,0.49892606823112984,0.4969133615529996
2023-05-25,0.4996996380104131,0.4998131385925831
2023-05-26,0.4995773798071706,0.4992823050313927
2023-05-30,0.4990859716083374,0.49879931440701203
2023-05-31,0.49719733399669863,0.49652066372286635
2023-06-01,0.49546988120226904,0.49577886139343663
2023-06-02,0.4950472309671092,0.4959667696514984
2023-06-05,0.4957132248818281,0.4968568460063977
2023-06-06,0.49279339647178805,0.49643095418270405
2023-06-07,0.4935812327398361,0.4973525875463499
2023-06-08,0.493221953354792,0.4970040762448766
2023-06-09,0.4940646634922691,0.49870251659657844
2023-06-12,0.4938584468196434,0.49633203936741
2023-06-13,0.49417637658554436,0.49695951203894767
2023-06-14,0.4940201815742721,0.4965360918585577
2023-06-15,0.4944578817634779,0.49641987839806073
2023-06-16,0.49345387019001646,0.49534393883678796
2023-06-20,0.48890643314947907,0.4939210212411972
2023-06-21,0.4829916527458227,0.48929108254379466
2023-06-22,0.48286172807141303,0.48931852759451294
2023-06-23,0.48121573226990283,0.48892682471943105
2023-06-26,0.4814463043864748,0.48923036151106636
2023-06-27,0.48118081738164936,0.48855435972600836
2023-06-28,0.48099440288183337,0.48831039897135203
2023-06-29,0.4800083572632852,0.4874201830157236
2023-06-30,0.47956148866177056,0.48859140410625856
2023-07-03,0.47919405189440417,0.4870521269185647
2023-07-05,0.4788886731565617,0.4866937654692015
2023-07-06,0.4785626187145871,0.4865465778808334
2023-07-07,0.4738951263812052,0.4821045347391047
2023-07-10,0.4738643598851011,0.4832736871937365
2023-07-11,0.4750011074544106,0.4839278181369129
2023-07-12,0.4744789709948035,0.48366601606403264
2023-07-13,0.4755869319813074,0.48422504764275187
2023-07-14,0.4752341686750794,0.48179381830512086
2023-07-17,0.4746199024988766,0.47924749746925827
2023-07-18,0.47398346011323467,0.4783157318134669
2023-07-19,0.47756113843976034,0.4805387316899559
2023-07-20,0.48043221137732867,0.4823763563978179
2023-07-21,0.4836227273475037,0.4837085059896572
2023-07-24,0.48551376859472045,0.4848902753481727
2023-07-25,0.4854877062624223,0.485387390903492
2023-07-26,0.4858333306312947,0.48421934194836536
2023-07-27,0.4855054471201782,0.4822847312269999
2023-07-28,0.4843057283018345,0.48028566156891034
2023-07-31,0.48444792519718416,0.480297334933723
2023-08-01,0.4819802989639464,0.47741264348387696
2023-08-02,0.482576296484657,0.477771510352462
2023-08-03,0.4779288863040817,0.4739557914759949
2023-08-04,0.47768574314744366,0.473391275067596
2023-08-07,0.47636496356518887,0.47190241295261587
2023-08-08,0.47452779906619635,0.47131151157370205
2023-08-09,0.47347682854133843,0.4717766423681276
2023-08-10,0.4726918767672048,0.4685334895474173
2023-08-11,0.47913889815562827,0.4701078652256033
2023-08-14,0.48276879874140244,0.47224636864906555
2023-08-15,0.4850577189671621,0.4740884139571779
2023-08-16,0.48503227522316605,0.4738428824295769
2023-08-17,0.485150904445094,0.47385192774478985
2023-08-18,0.4841207333912088,0.4717279373878463
2023-08-21,0.4852206642939287,0.47323224021443594
2023-08-22,0.4788656303853777,0.4700448343024466
2023-08-23,0.47959624398271405,0.47049429226576944
2023-08-24,0.47918174309567707,0.4701100188113933
2023-08-25,0.48037205410589057,0.47051236020363596
2023-08-28,0.48309338268559465,0.4710360174430539
2023-08-29,0.48257386429261995,0.4696880411135307
2023-08-30,0.48298745977609375,0.46912347341532296
2023-08-31,0.4815681184706819,0.4677337047411058
2023-09-01,0.48158969174408156,0.46765071937583
2023-09-05,0.4804327458998008,0.46684312358425567
2023-09-06,0.48191490782208557,0.46850343469537326
2023-09-07,0.48029116235299085,0.46757614825136495
2023-09-08,0.47997642629447507,0.46761109209482177
2023-09-11,0.47786428402795605,0.46451333463491545
2023-09-12,0.4764577327215848,0.4630031705916463
2023-09-13,0.47634633531099935,0.4630678148890114
2023-09-14,0.47516560755188203,0.46230590022141976
2023-09-15,0.47416640584272707,0.46117033611922753
2023-09-18,0.4740706469095198,0.4607425528997789
2023-09-19,0.47288684218321564,0.45979769563815265
2023-09-20,0.47136674413983465,0.45856762264673956
2023-09-21,0.471974487290956,0.45891225355111814
2023-09-22,0.47191007857798223,0.45873507976987593
2023-09-25,0.4682411668381844,0.455853125584018
2023-09-26,0.4681060384895176,0.45515620657193484
2023-09-27,0.4671680069753381,0.45434714944700494
2023-09-28,0.4664821801969403,0.45391565349573376
2023-09-29,0.4667939554727357,0.45380032022380756
2023-10-02,0.46604877671322836,0.45367704487513355
2023-10-03,0.4655630564785261,0.4531793211952154
2023-10-04,0.46516538477495284,0.45183468359450285
2023-10-05,0.4652237538273952,0.45390618558453855
2023-10-06,0.46554930662308863,0.45421898934678595
2023-10-09,0.459783560598414,0.44801947462181424
2023-10-10,0.45956056132728523,0.4477351791668564
2023-10-11,0.45926855794841764,0.4480961307985813
2023-10-12,0.45856218601339294,0.44700465028099906
2023-10-13,0.4584853368879766,0.4464370191714677
2023-10-16,0.46100140831755554,0.44813999884941313
2023-10-17,0.4564004534183055,0.4443365080637342
2023-10-18,0.4464825985675132,0.4387212502032439
2023-10-19,0.44501929359111425,0.43798424755595367
2023-10-20,0.4243956163775905,0.42095984949128756
2023-10-23,0.4166921084614006,0.4172267525378633
2023-10-24,0.4131587349655825,0.4124388032895458
2023-10-25,0.41065116301261545,0.41193810893762084
2023-10-26,0.4120172470325791,0.41004923863500886
2023-10-27,0.41289091485270457,0.4103924004505079
2023-10-30,0.41287162748419914,0.4092619329272898
2023-10-31,0.40554443102568977,0.40002291507578525
2023-11-01,0.41012220948738604,0.4029722448175032
2023-11-02,0.4073813779236644,0.3991350266866315
2023-11-03,0.40850158098932254,0.4003932804389659
2023-11-06,0.410005330847649,0.40069304172865877
2023-11-07,0.4107066836775216,0.4018459758897307
2023-11-08,0.41380083183764244,0.4124634280099137
2023-11-09,0.4181430822061952,0.41156369805542115
2023-11-10,0.42960219808021743,0.4176384399502261
2023-11-13,0.42843102418359075,0.41649122632526986
2023-11-14,0.42193722302586073,0.41170491732731773
2023-11-15,0.4189281591269374,0.4100187468860496
2023-11-16,0.41802634048454035,0.4090320798252087
2023-11-17,0.41892394620121337,0.4108115073638004
2023-11-20,0.4181776198273942,0.41128507208878357
2023-11-21,0.4196205167770516,0.41328370147621757
2023-11-22,0.41682886600624885,0.40713412553953454
2023-11-24,0.3842355554187948,0.374720460801077
2023-11-27,0.38408833754170824,0.37505004099291894
2023-11-28,0.38340455284180963,0.3746441559485209
2023-11-29,0.36765134986427284,0.35783609731990007
2023-11-30,0.3674317463531254,0.35787254770030646
2023-12-01,0.3686053411825408,0.3560351084630707
2023-12-04,0.3613313265833558,0.3523553228337657
2023-12-05,0.3578121447497568,0.3498941835540004
2023-12-06,0.3606652644441451,0.34241152181798534
2023-12-07,0.35926979838156003,0.34350869173869847
2023-12-08,0.35761239821011664,0.34004934878848536
2023-12-11,0.35344147202319837,0.33795755869338173
2023-12-12,0.3526158186343208,0.336328258772181
2023-12-13,0.3577511112370161,0.33843548870815765
2023-12-14,0.3583879177539742,0.339448004930866
2023-12-15,0.35795771676005245,0.3388541339643329
2023-12-18,0.35458120914997443,0.3363937599779068
2023-12-19,0.35400386627727026,0.3354525255015636
2023-12-20,0.34483927247205176,0.3294421948348645
2023-12-21,0.34285122401999996,0.32766285248357935
2023-12-22,0.34561824026898175,0.33122999977654216
2023-12-26,0.3445274395410167,0.3325737461311664
2023-12-27,0.34433586788203024,0.32956478719180976
2023-12-28,0.3529422492267784,0.37108871553497025
2023-12-29,0.34856452495725343,0.37929253473601565
2024-01-02,0.3435197580051313,0.37882846233400175
2024-01-03,0.3462265440751879,0.3793002163244086
2024-01-04,0.34373966106414583,0.3772517241176149
2024-01-05,0.34594356503691787,0.3789798161193208
2024-01-08,0.34992568751190783,0.38063951368471893
2024-01-09,0.3394956835551904,0.3665452373825367
2024-01-10,0.3373352593845446,0.3636839514616491
2024-01-11,0.33860235289245055,0.3644122197927291
2024-01-12,0.3352162464404121,0.3636983254449831
2024-01-16,0.3343286340086728,0.3628073980101347
2024-01-17,0.33666361702260156,0.3656587488853421
2024-01-18,0.3331666665785896,0.3635224302828181
2024-01-19,0.33402909783804147,0.36671606454046896
2024-01-22,0.3324899783804719,0.3643328768295392
2024-01-23,0.33192662254533006,0.36274798358516525
2024-01-24,0.3286893697913828,0.3547089977612735
2024-01-25,0.3283588679182385,0.35451097456204855
2024-01-26,0.32597430209609085,0.35125565932875336
2024-01-29,0.32772679039918856,0.35299312103424035
2024-01-30,0.32799270538548303,0.3531145006295117
2024-01-31,0.32724269461310546,0.35401428138333774
2024-02-01,0.3277039662847194,0.35399447266558637
2024-02-02,0.32144862080322906,0.3481188192156827
2024-02-05,0.32803727182840936,0.35095461477804135
2024-02-06,0.3282335798512336,0.351690795570774
2024-02-07,0.3295865625390155,0.35252273949868923
2024-02-08,0.32937259467505653,0.35132521560886354
2024-02-09,0.31820256161257066,0.3331633520543298
2024-02-12,0.31612465468145784,0.33279363835963344
2024-02-13,0.31430341637703174,0.33167996321808724
2024-02-14,0.317288252594799,0.3352451054301876
2024-02-15,0.317147818055401,0.3354388977641735
2024-02-16,0.3164917127169745,0.33558265977147406
2024-02-20,0.3155984590399574,0.3296120330399537
2024-02-21,0.31378829946071113,0.32594742133693266
2024-02-22,0.30987522959513536,0.32399042773972453
2024-02-23,0.3024172103939195,0.32031896267537474
2024-02-26,0.294783512676117,0.3157157953469065
2024-02-27,0.26825060307816934,0.29927923361056696
2024-02-28,0.26318537773004175,0.2976821633626585
2024-02-29,0.2595381584782057,0.291425071036437
2024-03-01,0.2605460890411881,0.29111420574560026
2024-03-04,0.2569162516172179,0.29197456283388173
2024-03-05,0.2585351667207867,0.29058678738910226
2024-03-06,0.2571511319338172,0.2855939744505337
2024-03-07,0.26199032139220285,0.29141714656453355
2024-03-08,0.26023638152005746,0.29202255763568946
2024-03-11,0.2579779830533797,0.2914596011218757
2024-03-12,0.2561720875946844,0.288739921097219
2024-03-13,0.25480170204811275,0.28977543132567235
2024-03-14,0.25785472591862263,0.29153253571986293
2024-03-15,0.2587993642735374,0.2931325346462539
2024-03-18,0.25789054083530144,0.2931870446656137
2024-03-19,0.24641324447675875,0.2835281679883499
2024-03-20,0.24969623946227637,0.2864178245672983
2024-03-21,0.24749500130191215,0.2863877838775352
2024-03-22,0.2448527593482957,0.2863327633219083
2024-03-25,0.23721622135075898,0.2806363953742447
2024-03-26,0.2369226286968323,0.280240457825958
2024-03-27,0.23601561536852939,0.2785170244823324
2024-03-28,0.23652287698954388,0.28288907721755735
2024-04-01,0.23605541097046234,0.28670678356060914
2024-04-02,0.23844240535709227,0.287986762539989
2024-04-03,0.24035800441429683,0.29021374347218765
2024-04-04,0.23445808261685588,0.28818094408518563
2024-04-05,0.232371630639194,0.2871483143239365
2024-04-08,0.23245036431552688,0.28318517234937157
2024-04-09,0.23178931498563438,0.2801945722578442
2024-04-10,0.2260379804692335,0.27162944612890627
2024-04-11,0.22790334362347092,0.2768540883255943
2024-04-12,0.2314084815201371,0.28234710124967344
2024-04-15,0.23646887075770395,0.283898543755174
2024-04-16,0.2360220069886268,0.28493722089219825
2024-04-17,0.2378109937245223,0.28644232388636837
2024-04-18,0.2346872317670255,0.28072789212945015
2024-04-19,0.23458124682614878,0.28178049133035626
2024-04-22,0.2330800457059349,0.2784625687233073
2024-04-23,0.23446782398643248,0.28277164345338396
2024-04-24,0.24226830804956298,0.29587978087999733
2024-04-25,0.22021352897085048,0.27441130645587825
2024-04-26,0.17532864459108008,0.2050370339291215
2024-04-29,0.17895211342487202,0.20679941593936924
2024-04-30,0.18421563820274187,0.2122765598953574
2024-05-01,0.18478337062273115,0.21267963715370922
2024-05-02,0.1842731323203008,0.2104867425192651
2024-05-03,0.1900773679503229,0.21319395679057954
2024-05-06,0.18996797270653487,0.211085586308867
2024-05-07,0.18794567979896984,0.20894763322629994
2024-05-08,0.18587641380620662,0.20716611601288687
2024-05-09,0.1858626463022242,0.206288546004596
2024-05-10,0.18500425436312615,0.20552563523926276
2024-05-13,0.18171996866183446,0.20233805706540534
2024-05-14,0.18071493688241053,0.20229898273888822
2024-05-15,0.17835924647507323,0.19282189069063554
2024-05-16,0.17862460386388243,0.19326286542193813
2024-05-17,0.17866539858709427,0.1931823012675076
2024-05-20,0.1769827841558539,0.1822876985782697
2024-05-21,0.17767338322683382,0.18433152114666715
2024-05-22,0.17782810958175604,0.18418833919891164
2024-05-23,0.1782752685833684,0.18148060912743452
2024-05-24,0.17782225503263846,0.17926484201575715
2024-05-28,0.17852486138088172,0.17904544733379524
2024-05-29,0.1778524155128397,0.1788767752246743
2024-05-30,0.17714831988977425,0.1786163557416388
2024-05-31,0.17011844489865244,0.17199080177246215
2024-06-03,0.1651943742072967,0.16411897364581715
2024-06-04,0.16382718196142135,0.1640738215851605
2024-06-05,0.16384220378517497,0.16495065927926572
2024-06-06,0.16610128037963007,0.16677640651745035
2024-06-07,0.16674512232051777,0.1681442109226041
2024-06-10,0.16713898739348143,0.1682009304793251
2024-06-11,0.16577075264700553,0.16647625828632803
2024-06-12,0.1649437091521834,0.16508271315565848
2024-06-13,0.16519793524095364,0.16449268031715752
2024-06-14,0.16516799968600154,0.16434713523889152
2024-06-17,0.16533145950760036,0.16512996648605124
2024-06-18,0.16446598631032858,0.1632192810667415
2024-06-20,0.1645464750209529,0.16254983745703525
2024-06-21,0.16605341964456272,0.16174113513890223
2024-06-24,0.16815366662606124,0.16422926405567073
2024-06-25,0.1681838410315867,0.1641291889288635
2024-06-26,0.16544691476768233,0.1604739821668694
2024-06-27,0.1646206247753469,0.16001184405721033
2024-06-28,0.1645951947195069,0.1604787030555466
2024-07-01,0.16777710063244378,0.16420346021088766
2024-07-02,0.16304503670453288,0.15861748154131264
2024-07-03,0.16306157903793975,0.15892415817329267
2024-07-05,0.1467024626340308,0.14212096362735985
2024-07-08,0.14608837674035025,0.1450249925670051
2024-07-09,0.1457286650542419,0.14454461737776675
2024-07-10,0.14491712239176827,0.1457850864430683
2024-07-11,0.14678802896132898,0.14694137119686862
2024-07-12,0.1470813581111854,0.1473716871034112
2024-07-15,0.14548550111061717,0.14507856218295562
2024-07-16,0.14456608320494402,0.1433400777420856
2024-07-17,0.14483952140849626,0.14267044376389695
2024-07-18,0.1479821318658731,0.1425467289361889
2024-07-19,0.14383962999125072,0.14222014565300406
2024-07-22,0.14235614929939572,0.1376049870438052
2024-07-23,0.14097136297805762,0.13395320304262096
2024-07-24,0.1403944660539829,0.14144203132919927
2024-07-25,0.1352610446920492,0.13848607889017492
2024-07-26,0.13829659538797778,0.14155277823097756
2024-07-29,0.1381674965996709,0.14279313868519655
2024-07-30,0.1390830174710568,0.14404398716671526
2024-07-31,0.13311585117832817,0.1399639373100668
2024-08-01,0.12678355241848985,0.13836177703897812
2024-08-02,0.1402930570526492,0.15145990691829153
2024-08-05,0.17511836835599567,0.1967617541789095
2024-08-06,0.17783207064626513,0.19755229999250734
2024-08-07,0.18008926688127228,0.20087643575293157
2024-08-08,0.19930455117970172,0.22283929975260364
2024-08-09,0.19829998157499543,0.22109319046224774
2024-08-12,0.19771807869661132,0.21972901804547693
2024-08-13,0.20082173016947483,0.2191930550287184
2024-08-14,0.20040571009124286,0.2195975373992596
2024-08-15,0.2052681823658869,0.22164198820874
2024-08-16,0.2053894307136809,0.22169290679296857
2024-08-19,0.20476669253680482,0.2229519869135516
2024-08-20,0.20533798923955635,0.2236609736266085
2024-08-21,0.19542694660194926,0.21505783726465036
2024-08-22,0.1957630236465606,0.214960815872474
2024-08-23,0.21667654725431199,0.23028189533880214
2024-08-26,0.21539656709205618,0.2307428045354735
2024-08-27,0.2129034631204462,0.22675447236380952
2024-08-28,0.21039538665906685,0.22418471081127075
2024-08-29,0.22607489770020403,0.2339962341093069
2024-08-30,0.22435652167255582,0.2365422292136014
2024-09-03,0.22841280446128365,0.23931313442700078
2024-09-04,0.22353208262198893,0.23421302065495397
2024-09-05,0.22420797783039584,0.23480702404308001
2024-09-06,0.23265506863694785,0.24533471469836285
2024-09-09,0.2378289237259565,0.2502715330809313
2024-09-10,0.23817134598442313,0.2516505399795123
2024-09-11,0.2326416161754686,0.24859175202079878
2024-09-12,0.23411347569519783,0.24904789706847977
2024-09-13,0.23451189766696756,0.24921317947893712
2024-09-16,0.23489086063053727,0.2482903311540565
2024-09-17,0.23539373677503073,0.2507187708459938
2024-09-18,0.2343327760554957,0.2510045244068638
2024-09-19,0.23639402332551904,0.25587103337699524
2024-09-20,0.23723876277154385,0.2544785318437163
2024-09-23,0.23749875935208897,0.25470408237415565
2024-09-24,0.2374812671816899,0.2555639364884009
2024-09-25,0.23794080582676405,0.2519662176424933
2024-09-26,0.23869896129689744,0.25418892632307294
2024-09-27,0.23995508805379312,0.25392861931027055
2024-09-30,0.2381903025376056,0.2524186376351945
2024-10-01,0.2422228260443874,0.2578486621744394
2024-10-02,0.24094867896780067,0.2582015409230285
2024-10-03,0.24137853151667918,0.2589907076398938
2024-10-04,0.24262592398037044,0.26049364979562684
2024-10-07,0.2486616134929356,0.26330146657788683
2024-10-08,0.24800583825574096,0.26342189072907213
2024-10-09,0.24072290030857474,0.2594035625930649
2024-10-10,0.2418100692947099,0.26023957972647027
2024-10-11,0.2432530307181082,0.26089046845934355
2024-10-14,0.24980230494714795,0.2676219851867328
2024-10-15,0.2492939331577406,0.26977552717856695
2024-10-16,0.24908668458638492,0.26892970167754293
2024-10-17,0.2468872651596264,0.2613322494792469
2024-10-18,0.24827478195792813,0.26275707561822403
2024-10-21,0.24862334853863893,0.2625705734150985
2024-10-22,0.24890966187174682,0.2629923523411878
2024-10-23,0.2496480214567222,0.26581071507998877
2024-10-24,0.2495425749311319,0.2660533731601104
2024-10-25,0.2494839833445304,0.26605084486986785
2024-10-28,0.24922741876027654,0.2666515994112601
2024-10-29,0.24847949179404152,0.2676963815308373
2024-10-30,0.2517280738292029,0.26892491183121636
2024-10-31,0.25634528771255033,0.27639199268466397
2024-11-01,0.2556944407920717,0.2762357773054471
2024-11-04,0.25894016566928235,0.2805535457848501
2024-11-05,0.25807195582928033,0.27893704933921276
2024-11-06,0.27577742764091895,0.2998822598951638
2024-11-07,0.27567848537811507,0.30204994843866423
2024-11-08,0.2765713172685469,0.30320946538447896
2024-11-11,0.26670544020189235,0.2969593156205446
2024-11-12,0.2694616382213339,0.29915938664637737
2024-11-13,0.2684141965343517,0.29778076259672537
2024-11-14,0.2699947237441306,0.29918424518389797
2024-11-15,0.26220502422262554,0.29602221862388106
2024-11-18,0.2604988524213044,0.2956532401001969
2024-11-19,0.260931748426893,0.2942935005283697
2024-11-20,0.2606739582781298,0.29437099719700327
2024-11-21,0.2650065877100559,0.3014448325079607
2024-11-22,0.2654543377188022,0.30160724223456226
2024-11-25,0.2629522657446202,0.30266692979150106
2024-11-26,0.2610043663417928,0.30121338694937055
2024-11-27,0.25995599771334865,0.2957300933289679
2024-11-29,0.2667492772390249,0.2974384569862704
2024-12-02,0.27140125536676796,0.3016445414249374
2024-12-03,0.27171225558236506,0.3020739939155977
2024-12-04,0.27552590311262504,0.30492124814826793
2024-12-05,0.2752880377302409,0.30440277539627064
2024-12-06,0.27504924016453053,0.30393052919644736
2024-12-09,0.27654602687938024,0.30687719860407464
2024-12-10,0.27667597114770554,0.3072872626305238
2024-12-11,0.280304999362247,0.30674553663253007
2024-12-12,0.2810633989279589,0.30580642102700123
2024-12-13,0.2804201308990539,0.30531970439216194
2024-12-16,0.279485223394111,0.3036381880548862
2024-12-17,0.2800567226122357,0.30495501418440546
2024-12-18,0.2928878360355872,0.3169262101292283
2024-12-19,0.29312098235630063,0.31727082619438185
2024-12-20,0.29347066428004415,0.3183999433876419
2024-12-23,0.2884233510631403,0.31384955299787204
2024-12-24,0.29123504188232263,0.31465390525577513
2024-12-26,0.29167927490571044,0.3151139482503957
2024-12-27,0.2944461216980534,0.31529528111230526
2024-12-30,0.2958985607014038,0.3138674674322785
2024-12-31,0.2952415160552355,0.3144037455675299
2025-01-02,0.29372229037145803,0.31312186338098086
2025-01-03,0.2952316908956327,0.31711614801523824
2025-01-06,0.2965114282028054,0.3177205715086363
2025-01-07,0.30128994697139394,0.3237651550983057
2025-01-08,0.30059913729864907,0.32335835176598077
2025-01-10,0.3006586882241233,0.32442231295889046
2025-01-13,0.30066510659888496,0.3236830856182124
2025-01-14,0.3011598336625335,0.3238677216769622
2025-01-15,0.30374506385092864,0.3299681256437615
2025-01-16,0.3039575652759505,0.33041886307021073
2025-01-17,0.30661331069973685,0.3329276952366471
2025-01-21,0.3076176070544302,0.3294668962881756
2025-01-22,0.3067388011775336,0.32853673476679934
2025-01-23,0.3061308602570433,0.32946739633553135
2025-01-24,0.3058374646514087,0.3296477769780006
2025-01-27,0.3086509955329566,0.3330213517081197
2025-01-28,0.30749845629979833,0.33002209667664184
2025-01-29,0.3055645094917777,0.3292112199867859
2025-01-30,0.3045541507518722,0.3296976092219915
2025-01-31,0.3015589207886708,0.3253922367304532
2025-02-03,0.3022415143749194,0.329642822546458
2025-02-04,0.29914509667909006,0.32576717830233864
2025-02-05,0.29826204595289346,0.32559138891828837
2025-02-06,0.2976078626870935,0.32292430901954705
2025-02-07,0.29668867391183035,0.3241855679224712
2025-02-10,0.2975452405843052,0.3251090076922984
2025-02-11,0.2977941146424524,0.32538122613333526
2025-02-12,0.29102019083654024,0.3196778471547613
2025-02-13,0.2894301311101053,0.31740804387701804
2025-02-14,0.28906488738798836,0.3168144004513888
2025-02-18,0.2885533338339203,0.31649134678209345
2025-02-19,0.28854342859966975,0.31683453715713905
2025-02-20,0.28753377314593115,0.316548504040357
2025-02-21,0.2910805688326592,0.31931078504532984
2025-02-24,0.29327321783509236,0.3211102697168351
2025-02-25,0.2972243612888773,0.3250954461883927
2025-02-26,0.2985589366402072,0.32607413920798806
2025-02-27,0.29667789472022166,0.32589354247855046
2025-02-28,0.2937692731041014,0.3198544869106256
2025-03-03,0.28935914217493125,0.32567709709142983
2025-03-04,0.2870010342303166,0.3234135930384129
2025-03-05,0.290158036537227,0.32526922875165376
2025-03-06,0.29007018802871476,0.3253585671226079
2025-03-07,0.2851470401561065,0.32227739357878255
2025-03-10,0.3044258311032411,0.342544048728923
2025-03-11,0.29939057268377084,0.3399693225342421
2025-03-12,0.2999832295925852,0.3415083742288286
2025-03-13,0.3033595030888224,0.34286226631547934
2025-03-14,0.30611708882738337,0.342824946514671
2025-03-17,0.30561880439397193,0.3432732578928
2025-03-18,0.3071634237441172,0.34221032878999125
2025-03-19,0.31056833260149075,0.34631842110390304
2025-03-20,0.31075608799389803,0.34754805738348393
2025-03-21,0.3105253315959213,0.34730469102364847
2025-03-24,0.31354577104827464,0.35118553299743355
2025-03-25,0.3146897038899249,0.35365743876884786
2025-03-26,0.315571052481712,0.3557340543042243
2025-03-27,0.31653815703308624,0.35592880490699874
2025-03-28,0.3203577838653233,0.3604362645501163
2025-03-31,0.3190358325537448,0.35888887157531574
2025-04-01,0.31585635337502893,0.3579416573373564
2025-04-02,0.3131121585101809,0.35391685270758333
2025-04-03,0.297681447405058,0.33547133450186123
2025-04-04,0.2782102868673735,0.3164704483726692
2025-04-07,0.283018030942936,0.317315965204052
2025-04-08,0.2934535460841333,0.32538719055121124
2025-04-09,0.3141099884921707,0.3594506510103183
2025-04-10,0.3217893569802806,0.3716673073198257
2025-04-11,0.3251564555187169,0.3744753210493158
2025-04-14,0.32521463778053566,0.3751308976572896
2025-04-15,0.3247235604353508,0.37484876208212753
2025-04-16,0.32245202666101297,0.3734653335397997
2025-04-17,0.321555730210924,0.37301858423089346
2025-04-21,0.31769226386583344,0.3752054830902007
2025-04-22,0.32657694938605303,0.3847427350832559
2025-04-23,0.3254970600636005,0.385575574690118
2025-04-24,0.3238577204494726,0.38215113522565863
2025-04-25,0.3239244139905558,0.3822720467452506
2025-04-28,0.32615178367573994,0.39311745002570536
2025-04-29,0.32501298277381657,0.3959286919468264
2025-04-30,0.3249452474214825,0.3958515743724602
2025-05-01,0.33122506431266235,0.4024536418143437
2025-05-02,0.3316912735714453,0.4019031082795354
2025-05-05,0.333710751433271,0.4030382749830452
2025-05-06,0.3321437139535841,0.40287040086140996
2025-05-07,0.33136626924200563,0.4020257646060467
2025-05-08,0.3321120288029307,0.3946388349126065
2025-05-09,0.3318277946571252,0.39303695798112637
2025-05-12,0.3268230213657998,0.39874239165620834
2025-05-13,0.3269100474788011,0.39956773549102714
2025-05-14,0.32689568382625045,0.39932347378352767
2025-05-15,0.3268001454012517,0.39853805596700653
2025-05-16,0.3265897050993114,0.39805759952414815
2025-05-19,0.32593411399825667,0.39779313857793797
2025-05-20,0.33210981797051675,0.402021832437688
2025-05-21,0.3291557523207228,0.40004701550422567
2025-05-22,0.3286830692756893,0.3988308748654771
2025-05-23,0.3310876397682261,0.39885282829350543
2025-05-27,0.3311815728285747,0.40223630859045373
2025-05-28,0.335241500193522,0.4038874393375648
2025-05-29,0.33441735684138313,0.40371624471485074
2025-05-30,0.3323694064756207,0.4025344303814288
2025-06-02,0.33262928785255025,0.4027156082622002
2025-06-03,0.3324034636558291,0.4027391873713755
2025-06-04,0.3321530327866611,0.40283393621016683
2025-06-05,0.33362723793970417,0.4043721126245407
2025-06-06,0.3394633553365884,0.40702629230988024
2025-06-09,0.33856548462302666,0.40491391205813465
2025-06-10,0.33835683024023805,0.4056413704099262
2025-06-11,0.3402000593631412,0.40721790507975125
2025-06-12,0.33921055426963226,0.4067156801197669
2025-06-13,0.338939503670797,0.40777120201744815
2025-06-16,0.3386187089455724,0.406322343604387
2025-06-17,0.34465995179694486,0.4076946822223243
2025-06-18,0.34276152995966486,0.40606052325323355
2025-06-20,0.3442609936348841,0.4069948147247315
2025-06-23,0.3451020481461436,0.4068840493287543
2025-06-24,0.3409856634704775,0.4059154344367839
2025-06-25,0.34074792666437315,0.40599581786674005
2025-06-26,0.33999801315555844,0.4058583718728826
2025-06-27,0.339814001729698,0.40600088587549044
2025-06-30,0.3423264350136247,0.4067456459395241
2025-07-01,0.34265370313413956,0.40764325293298204
2025-07-02,0.3426981510601337,0.4072503142513266
2025-07-03,0.3458732774160902,0.40887313495277683
2025-07-07,0.3465457064024095,0.4094803682484538
2025-07-08,0.34840349055243214,0.4111706760828142
2025-07-09,0.3488318230178229,0.41250524637913255
2025-07-10,0.34873718725770914,0.41200491036363196
2025-07-11,0.3486754398396371,0.41228658241013605
2025-07-14,0.3499640349427566,0.41255671545800676
2025-07-15,0.3494045557788844,0.41048940926698635
2025-07-16,0.3494127942442642,0.41009222823456304
2025-07-17,0.34902166968447723,0.4093640770392941
2025-07-18,0.3488551472885553,0.4093546140913647
2025-07-21,0.3492321071638023,0.4090969064619532
2025-07-22,0.34877040069867626,0.4090337899910445
2025-07-23,0.34769533274603165,0.4071166191375614
2025-07-24,0.34672838619806556,0.4065507774969758
2025-07-25,0.34659891192114617,0.4065554246008058
2025-07-28,0.3458830323500709,0.4060327924489613
2025-07-29,0.348099076922129,0.40786428144246323
2025-07-30,0.34818101790414036,0.4081630312718512
2025-07-31,0.3469379673654583,0.4071600195740773
2025-08-01,0.348768007788233,0.4101120125565783
2025-08-04,0.34948424537087314,0.4129783367327855
2025-08-05,0.3499344924833009,0.4180266385214469
2025-08-06,0.3501150552267289,0.4185259008428652
2025-08-07,0.3535452030145625,0.4190903519690544
2025-08-08,0.35281767195881314,0.41966979493932466
2025-08-11,0.3573158283366513,0.4223222978517217
2025-08-12,0.3581949384446202,0.4247423099023481
2025-08-13,0.3642738997132079,0.42594064988372193
2025-08-14,0.3646865469453021,0.4259739469424656
2025-08-15,0.36421845983482015,0.425624538551014
2025-08-18,0.36989744207183817,0.4269837929339658
2025-08-19,0.36781062768886397,0.42728281134308876
2025-08-20,0.36690412041902765,0.4248155715294584
2025-08-21,0.3669616588855865,0.4249946259710548
2025-08-22,0.3712004931077154,0.4299961411884902
2025-08-25,0.3739447829643663,0.430845243771846
2025-08-26,0.37559862193308785,0.43301264785149474
2025-08-27,0.3761547778430376,0.4327570186882831
2025-08-28,0.37594644538075045,0.4324473666824004
2025-08-29,0.3761168759732353,0.4323361779937596
2025-09-02,0.3759590998909085,0.4354583347849603
2025-09-03,0.383432865231019,0.4420005519109195
2025-09-04,0.38133990401922213,0.4387013206307675
2025-09-05,0.382969465154156,0.4387767889529655
2025-09-08,0.38301521395155824,0.4389036272339984
2025-09-09,0.39108175149308866,0.4422454527751263
2025-09-10,0.39122212579007065,0.44231674493329154
2025-09-11,0.39259538353613893,0.44457909821596836
2025-09-12,0.39265740566067536,0.4433148104935032
2025-09-15,0.39212374912597137,0.4416275757818369
2025-09-16,0.39033895012641995,0.44036171411643305
2025-09-17,0.3903872287718815,0.4400844635935104
2025-09-18,0.3960039969272184,0.4410877121463607
2025-09-19,0.3968988945035267,0.44097326500327366
2025-09-22,0.39785820443339903,0.44302148237530403
2025-09-23,0.3991195356980304,0.4442351909218698
2025-09-24,0.40106705801668013,0.4453701882071199
2025-09-25,0.40264526816057084,0.44670087761940563
2025-09-26,0.39938564268006993,0.44362748278399916
2025-09-29,0.3954835320784801,0.44165183409499853
2025-09-30,0.39542495902813357,0.44107877440844895
2025-10-01,0.39424430819689116,0.4403315650570328
2025-10-02,0.395749622712102,0.44071055664879305
2025-10-03,0.39627972935194367,0.4409345153317998
2025-10-06,0.39498565541413655,0.4399920422638586
2025-10-07,0.3969587255061103,0.44083556293210074
2025-10-08,0.3978647387908396,0.4411985692500252
2025-10-09,0.3983192053918367,0.44173375962551714
2025-10-10,0.4101369801984578,0.4534160258453775
2025-10-13,0.4110002021455164,0.45741545384182214
2025-10-14,0.40681108702548374,0.4542462189580291
2025-10-15,0.40548394107183167,0.4529733585664881
2025-10-16,0.4059032275880094,0.4536740979449962
2025-10-17,0.4017810966891497,0.45174214832653065
2025-10-20,0.40381489570247936,0.45419659969693715
2025-10-21,0.4038825810712005,0.4542604851034452
2025-10-22,0.4042695580985351,0.4546086125420454
2025-10-23,0.404314692181785,0.4544915715825841
2025-10-24,0.4056694671680166,0.4556536519796613
2025-10-27,0.40814318850276626,0.45734842216239674
2025-10-28,0.4091295506169997,0.4575009256427984
2025-10-29,0.40600572040614263,0.4557346295158662
2025-10-30,0.40670940201867317,0.4563717870986604
2025-10-31,0.407146516042128,0.45705400371351795
